Point,Y,X,Status,Description,Date of survey
P2,97538.004,2247107.872,F,50mm Iron Pipe in Concrete,1/10/2025
ZA,96271.08,2247869.919,F,50mm Iron Pipe in Concrete,1/10/2025
ZD,96551.464,2248065.632,F,50mm Iron Pipe in Concrete,1/10/2025
ZE,96649.178,2247915.001,F,50mm Iron Pipe in Concrete,1/10/2025
ZG,97128.263,2248259.159,F,50mm Iron Pipe in Concrete,1/10/2025
2283A,97057.022,2247854.388,P,12mm iron peg in concrete,1/10/2025
2283L,96831.6,2248046.047,P,12mm iron peg in concrete,1/10/2025
2283M,96865.86,2247999.302,P,12mm iron peg in concrete,1/10/2025
2283N,96928.62,2248005.705,P,12mm iron peg in concrete,1/10/2025
2283P,96964.339,2248030.193,P,12mm iron peg in concrete,1/10/2025
2283Q,97005.919,2247969.542,P,12mm iron peg in concrete,1/10/2025
2283R,97083.215,2248022.533,P,12mm iron peg in concrete,1/10/2025
2283S,97113.497,2247983.084,P,12mm iron peg in concrete,1/10/2025
2283T,97129.972,2247972.947,P,12mm iron peg in concrete,1/10/2025
2284A,96773.699,2247986.281,P,12mm iron peg in concrete,1/10/2025
2284B,96756.848,2247992.348,P,12mm iron peg in concrete,1/10/2025
2284C,96789.661,2248015.919,P,12mm iron peg in concrete,1/10/2025
2285A,96780.288,2247980.9,P,12mm iron peg in concrete,1/10/2025
2285C,96796.898,2248011.68,P,12mm iron peg in concrete,1/10/2025
2286A,96786.877,2247975.519,P,12mm iron peg in concrete,1/10/2025
2286C,96815.393,2248000.847,P,12mm iron peg in concrete,1/10/2025
2286D,96825.068,2247978.603,P,12mm iron peg in concrete,1/10/2025
2287A,96813.668,2247958.659,P,12mm iron peg in concrete,1/10/2025
2287B,96787.582,2247972.556,P,12mm iron peg in concrete,1/10/2025
2288A,96806.182,2247946.024,P,12mm iron peg in concrete,1/10/2025
2288B,96786.537,2247959.226,P,12mm iron peg in concrete,1/10/2025
2288C,96789.49,2247964.547,P,12mm iron peg in concrete,1/10/2025
2289A,96800.663,2247935.866,P,12mm iron peg in concrete,1/10/2025
2289B,96779.934,2247947.887,P,12mm iron peg in concrete,1/10/2025
2290A,96793.071,2247924.297,P,12mm iron peg in concrete,1/10/2025
2290B,96772.768,2247935.115,P,12mm iron peg in concrete,1/10/2025
2291A,96789.2,2247915.534,P,12mm iron peg in concrete,1/10/2025
2291B,96777.426,2247916.082,P,12mm iron peg in concrete,1/10/2025
2291C,96760.965,2247916.795,P,12mm iron peg in concrete,1/10/2025
2292A,96776.455,2247894.847,P,12mm iron peg in concrete,1/10/2025
2292B,96757.503,2247896.204,P,12mm iron peg in concrete,1/10/2025
2292C,96755.721,2247902.42,P,12mm iron peg in concrete,1/10/2025
2293A,96788.45,2247893.988,P,12mm iron peg in concrete,1/10/2025
2294A,96800.956,2247893.535,P,12mm iron peg in concrete,1/10/2025
2295A,96817.287,2247891.924,P,12mm iron peg in concrete,1/10/2025
2295E,96820.981,2247894.869,P,12mm iron peg in concrete,1/10/2025
2296A,96821.797,2247912.883,P,12mm iron peg in concrete,1/10/2025
2296B,96801.392,2247914.343,P,12mm iron peg in concrete,1/10/2025
2297A,96830.603,2247921.178,P,12mm iron peg in concrete,1/10/2025
2297B,96821.449,2247920.984,P,12mm iron peg in concrete,1/10/2025
2297C,96803.257,2247940.64,P,12mm iron peg in concrete,1/10/2025
2298A,96842.622,2247921.432,P,12mm iron peg in concrete,1/10/2025
2298C,96830.179,2247941.21,P,12mm iron peg in concrete,1/10/2025
2299A,96854.641,2247921.686,P,12mm iron peg in concrete,1/10/2025
2299C,96842.198,2247941.464,P,12mm iron peg in concrete,1/10/2025
2300A,96866.66,2247921.941,P,12mm iron peg in concrete,1/10/2025
2300C,96854.217,2247941.718,P,12mm iron peg in concrete,1/10/2025
2300D,96866.236,2247941.972,P,12mm iron peg in concrete,1/10/2025
2301A,96881.359,2247923.871,P,12mm iron peg in concrete,1/10/2025
2301B,96870.239,2247922.016,P,12mm iron peg in concrete,1/10/2025
2301E,96868.37,2247942.018,P,12mm iron peg in concrete,1/10/2025
2302A,96897.206,2247926.669,P,12mm iron peg in concrete,1/10/2025
2302C,96878.063,2247943.634,P,12mm iron peg in concrete,1/10/2025
2303A,96908.415,2247931.013,P,12mm iron peg in concrete,1/10/2025
2303C,96891.183,2247945.823,P,12mm iron peg in concrete,1/10/2025
2304A,96919.624,2247935.358,P,12mm iron peg in concrete,1/10/2025
2304C,96901.173,2247949.695,P,12mm iron peg in concrete,1/10/2025
2305A,96930.833,2247939.703,P,12mm iron peg in concrete,1/10/2025
2305C,96912.382,2247954.04,P,12mm iron peg in concrete,1/10/2025
2306A,96942.042,2247944.048,P,12mm iron peg in concrete,1/10/2025
2306C,96923.591,2247958.385,P,12mm iron peg in concrete,1/10/2025
2306D,96934.8,2247962.73,P,12mm iron peg in concrete,1/10/2025
2307A,96950.396,2247944.951,P,12mm iron peg in concrete,1/10/2025
2307B,96945.027,2247945.205,P,12mm iron peg in concrete,1/10/2025
2307E,96938.698,2247964.241,P,12mm iron peg in concrete,1/10/2025
2308A,96962.405,2247944.383,P,12mm iron peg in concrete,1/10/2025
2308C,96951.177,2247963.721,P,12mm iron peg in concrete,1/10/2025
2309A,96974.413,2247943.815,P,12mm iron peg in concrete,1/10/2025
2309C,96963.189,2247963.222,P,12mm iron peg in concrete,1/10/2025
2310A,96986.422,2247943.247,P,12mm iron peg in concrete,1/10/2025
2310C,96975.2,2247962.722,P,12mm iron peg in concrete,1/10/2025
2311A,96998.43,2247942.679,P,12mm iron peg in concrete,1/10/2025
2311C,96987.211,2247962.222,P,12mm iron peg in concrete,1/10/2025
2312A,97010.439,2247942.112,P,12mm iron peg in concrete,1/10/2025
2312C,96999.223,2247961.722,P,12mm iron peg in concrete,1/10/2025
2313A,97022.447,2247941.544,P,12mm iron peg in concrete,1/10/2025
2313C,97011.234,2247961.222,P,12mm iron peg in concrete,1/10/2025
2314A,97034.456,2247940.976,P,12mm iron peg in concrete,1/10/2025
2314C,97023.245,2247960.722,P,12mm iron peg in concrete,1/10/2025
2315A,97043.4,2247940.553,P,12mm iron peg in concrete,1/10/2025
2315C,97035.256,2247960.223,P,12mm iron peg in concrete,1/10/2025
2315D,97064.135,2247959.021,P,12mm iron peg in concrete,1/10/2025
2316A,97062.209,2247930.69,P,12mm iron peg in concrete,1/10/2025
2316B,97042.815,2247932.008,P,12mm iron peg in concrete,1/10/2025
2317A,97061.393,2247918.696,P,12mm iron peg in concrete,1/10/2025
2317B,97041.993,2247920.015,P,12mm iron peg in concrete,1/10/2025
2318A,97060.578,2247906.702,P,12mm iron peg in concrete,1/10/2025
2318B,97041.171,2247908.021,P,12mm iron peg in concrete,1/10/2025
2319A,97059.763,2247894.708,P,12mm iron peg in concrete,1/10/2025
2319B,97040.349,2247896.028,P,12mm iron peg in concrete,1/10/2025
2320A,97058.947,2247882.714,P,12mm iron peg in concrete,1/10/2025
2320B,97039.527,2247884.034,P,12mm iron peg in concrete,1/10/2025
2321A,97058.132,2247870.72,P,12mm iron peg in concrete,1/10/2025
2321B,97038.706,2247872.041,P,12mm iron peg in concrete,1/10/2025
2322A,97057.317,2247858.726,P,12mm iron peg in concrete,1/10/2025
2322B,97037.884,2247860.047,P,12mm iron peg in concrete,1/10/2025
2323A,97000.245,2247762.113,P,12mm iron peg in concrete,1/10/2025
2323B,96997.854,2247761.525,P,12mm iron peg in concrete,1/10/2025
2323C,96997.107,2247765.413,P,12mm iron peg in concrete,1/10/2025
2323D,97032.978,2247824.107,P,12mm iron peg in concrete,1/10/2025
2323E,97037.252,2247850.829,P,12mm iron peg in concrete,1/10/2025
2324A,96923.851,2247913.134,P,12mm iron peg in concrete,1/10/2025
2324B,96904.812,2247913.605,P,12mm iron peg in concrete,1/10/2025
2324C,96889.289,2247913.99,P,12mm iron peg in concrete,1/10/2025
2324D,96889.427,2247917.009,P,12mm iron peg in concrete,1/10/2025
2325A,96942.432,2247911.732,P,12mm iron peg in concrete,1/10/2025
2325C,96922.389,2247927.971,P,12mm iron peg in concrete,1/10/2025
2326A,96961,2247910.801,P,12mm iron peg in concrete,1/10/2025
2326C,96941.598,2247935.434,P,12mm iron peg in concrete,1/10/2025
2326D,96950.349,2247936.83,P,12mm iron peg in concrete,1/10/2025
2327A,96978.918,2247909.902,P,12mm iron peg in concrete,1/10/2025
2327C,96962.413,2247936.193,P,12mm iron peg in concrete,1/10/2025
2328A,96997.792,2247908.407,P,12mm iron peg in concrete,1/10/2025
2328C,96980.383,2247935.643,P,12mm iron peg in concrete,1/10/2025
2329A,97016.526,2247906.923,P,12mm iron peg in concrete,1/10/2025
2329C,96999.033,2247934.642,P,12mm iron peg in concrete,1/10/2025
2330A,97036.366,2247905.351,P,12mm iron peg in concrete,1/10/2025
2330C,97018.012,2247933.623,P,12mm iron peg in concrete,1/10/2025
2330D,97033.029,2247932.817,P,12mm iron peg in concrete,1/10/2025
2330E,97036.927,2247928.604,P,12mm iron peg in concrete,1/10/2025
2331A,97030.89,2247883.019,P,12mm iron peg in concrete,1/10/2025
2331E,97036,2247890.15,P,12mm iron peg in concrete,1/10/2025
2332A,97015.235,2247883.733,P,12mm iron peg in concrete,1/10/2025
2333A,96996.657,2247884.405,P,12mm iron peg in concrete,1/10/2025
2334A,96977.713,2247885.535,P,12mm iron peg in concrete,1/10/2025
2335A,96959.62,2247886.02,P,12mm iron peg in concrete,1/10/2025
2336A,96941.722,2247886.948,P,12mm iron peg in concrete,1/10/2025
2337A,96922.611,2247887.929,P,12mm iron peg in concrete,1/10/2025
2338A,96902.77,2247888.727,P,12mm iron peg in concrete,1/10/2025
2339A,96888.176,2247889.728,P,12mm iron peg in concrete,1/10/2025
2339C,96868.633,2247914.501,P,12mm iron peg in concrete,1/10/2025
2340A,96866.86,2247890.386,P,12mm iron peg in concrete,1/10/2025
2340C,96850.468,2247915.198,P,12mm iron peg in concrete,1/10/2025
2341A,96850.502,2247891.477,P,12mm iron peg in concrete,1/10/2025
2341B,96828.264,2247892.756,P,12mm iron peg in concrete,1/10/2025
2341C,96827.162,2247894.389,P,12mm iron peg in concrete,1/10/2025
2341D,96827.882,2247902.821,P,12mm iron peg in concrete,1/10/2025
2341E,96831.713,2247910.919,P,12mm iron peg in concrete,1/10/2025
2341F,96840.286,2247914.605,P,12mm iron peg in concrete,1/10/2025
2342A,96791.373,2247865.263,P,12mm iron peg in concrete,1/10/2025
2342B,96776.069,2247865.786,P,12mm iron peg in concrete,1/10/2025
2342C,96772.695,2247872.13,P,12mm iron peg in concrete,1/10/2025
2342D,96776.52,2247886.058,P,12mm iron peg in concrete,1/10/2025
2342E,96783.619,2247888.922,P,12mm iron peg in concrete,1/10/2025
2343A,96811.908,2247864.314,P,12mm iron peg in concrete,1/10/2025
2343C,96795.88,2247888.778,P,12mm iron peg in concrete,1/10/2025
2344A,96828.065,2247863.708,P,12mm iron peg in concrete,1/10/2025
2344C,96812.154,2247887.575,P,12mm iron peg in concrete,1/10/2025
2345A,96843.981,2247862.865,P,12mm iron peg in concrete,1/10/2025
2345C,96831.055,2247886.613,P,12mm iron peg in concrete,1/10/2025
2346A,96865.466,2247861.728,P,12mm iron peg in concrete,1/10/2025
2346C,96848.425,2247886.615,P,12mm iron peg in concrete,1/10/2025
2347C,96867.643,2247885.315,P,12mm iron peg in concrete,1/10/2025
2348A,96900.704,2247853.089,P,12mm iron peg in concrete,1/10/2025
2348B,96883.655,2247859.548,P,12mm iron peg in concrete,1/10/2025
2348C,96885.593,2247884.204,P,12mm iron peg in concrete,1/10/2025
2349A,96921.221,2247859.879,P,12mm iron peg in concrete,1/10/2025
2349B,96904.606,2247861.116,P,12mm iron peg in concrete,1/10/2025
2349C,96903.921,2247883.498,P,12mm iron peg in concrete,1/10/2025
2350A,96936.8,2247859.273,P,12mm iron peg in concrete,1/10/2025
2350C,96922.261,2247882.545,P,12mm iron peg in concrete,1/10/2025
2351A,96958.403,2247858.294,P,12mm iron peg in concrete,1/10/2025
2351C,96940.701,2247881.861,P,12mm iron peg in concrete,1/10/2025
2352A,96977.303,2247857.573,P,12mm iron peg in concrete,1/10/2025
2352C,96959.287,2247881.012,P,12mm iron peg in concrete,1/10/2025
2353A,96995.571,2247856.813,P,12mm iron peg in concrete,1/10/2025
2353C,96979.277,2247880.239,P,12mm iron peg in concrete,1/10/2025
2354A,97012.379,2247856.858,P,12mm iron peg in concrete,1/10/2025
2354C,96997.189,2247879.316,P,12mm iron peg in concrete,1/10/2025
2355A,97032.817,2247852.776,P,12mm iron peg in concrete,1/10/2025
2355C,97015.002,2247878.68,P,12mm iron peg in concrete,1/10/2025
2355D,97030.88,2247877.936,P,12mm iron peg in concrete,1/10/2025
2355E,97035.255,2247870.197,P,12mm iron peg in concrete,1/10/2025
2356A,97021.771,2247827.669,P,12mm iron peg in concrete,1/10/2025
2356E,97027.137,2247832.813,P,12mm iron peg in concrete,1/10/2025
2357A,97011.158,2247828.2,P,12mm iron peg in concrete,1/10/2025
2358A,96994.096,2247828.989,P,12mm iron peg in concrete,1/10/2025
2359A,96973.976,2247829.398,P,12mm iron peg in concrete,1/10/2025
2360A,96951.483,2247829.74,P,12mm iron peg in concrete,1/10/2025
2360B,96942.181,2247829.881,P,12mm iron peg in concrete,1/10/2025
2361A,96932.49,2247834.319,P,12mm iron peg in concrete,1/10/2025
2362A,96778.447,2247960.342,P,12mm iron peg in concrete,1/10/2025
2362B,96764.279,2247969.864,P,12mm iron peg in concrete,1/10/2025
2362C,96769.7,2247979.218,P,12mm iron peg in concrete,1/10/2025
2362D,96779.721,2247971.034,P,12mm iron peg in concrete,1/10/2025
2362E,96781.034,2247965.521,P,12mm iron peg in concrete,1/10/2025
2363A,96773.851,2247951.14,P,12mm iron peg in concrete,1/10/2025
2364A,96767.422,2247939.329,P,12mm iron peg in concrete,1/10/2025
2365A,96760.68,2247926.905,P,12mm iron peg in concrete,1/10/2025
2366A,96755.092,2247915.511,P,12mm iron peg in concrete,1/10/2025
2367A,96749.498,2247904.323,P,12mm iron peg in concrete,1/10/2025
2368A,96741.561,2247897.335,P,12mm iron peg in concrete,1/10/2025
2368E,96746.035,2247898.653,P,12mm iron peg in concrete,1/10/2025
2369A,96727.414,2247903.177,P,12mm iron peg in concrete,1/10/2025
2369B,96712.948,2247910.846,P,12mm iron peg in concrete,1/10/2025
2369C,96709.941,2247918.385,P,12mm iron peg in concrete,1/10/2025
2370A,96733.079,2247913.394,P,12mm iron peg in concrete,1/10/2025
2370B,96712.214,2247924.202,P,12mm iron peg in concrete,2/10/2025
2371A,96739.078,2247923.35,P,12mm iron peg in concrete,2/10/2025
2371B,96718.973,2247936.203,P,12mm iron peg in concrete,2/10/2025
2372A,96745.221,2247935.429,P,12mm iron peg in concrete,2/10/2025
2372B,96724.903,2247946.633,P,12mm iron peg in concrete,2/10/2025
2373A,96751.675,2247948.119,P,12mm iron peg in concrete,2/10/2025
2373B,96731.89,2247958.922,P,12mm iron peg in concrete,2/10/2025
2374A,96758.353,2247959.64,P,12mm iron peg in concrete,2/10/2025
2374B,96738.38,2247970.595,P,12mm iron peg in concrete,2/10/2025
2374C,96743.079,2247978.618,P,12mm iron peg in concrete,2/10/2025
2374D,96751.135,2247985.902,P,12mm iron peg in concrete,2/10/2025
2375A,96763.194,2247868.114,P,12mm iron peg in concrete,2/10/2025
2375B,96746.003,2247869.596,P,12mm iron peg in concrete,2/10/2025
2375C,96748.047,2247891.026,P,12mm iron peg in concrete,2/10/2025
2375D,96764.508,2247890.21,P,12mm iron peg in concrete,2/10/2025
2375E,96767.399,2247887.026,P,12mm iron peg in concrete,2/10/2025
2375F,96766.2,2247871.154,P,12mm iron peg in concrete,2/10/2025
2376A,96733.322,2247866.238,P,12mm iron peg in concrete,2/10/2025
2376B,96724.506,2247876.252,P,12mm iron peg in concrete,2/10/2025
2376C,96730.74,2247893.283,P,12mm iron peg in concrete,2/10/2025
2377A,96722.76,2247856.945,P,12mm iron peg in concrete,2/10/2025
2377C,96723.387,2247898.322,P,12mm iron peg in concrete,2/10/2025
2377E,96725.025,2247861.742,P,12mm iron peg in concrete,2/10/2025
2378A,96717.211,2247847.336,P,12mm iron peg in concrete,2/10/2025
2379A,96710.573,2247835.618,P,12mm iron peg in concrete,2/10/2025
2380A,96703.665,2247824.102,P,12mm iron peg in concrete,2/10/2025
2381A,96697.172,2247812.325,P,12mm iron peg in concrete,2/10/2025
2382A,96690.732,2247800.893,P,12mm iron peg in concrete,2/10/2025
2383A,96683.313,2247787.568,P,12mm iron peg in concrete,2/10/2025
2384A,96676.519,2247775.296,P,12mm iron peg in concrete,2/10/2025
2385A,96669.725,2247763.025,P,12mm iron peg in concrete,2/10/2025
2386A,96658.926,2247751.779,P,12mm iron peg in concrete,2/10/2025
2386E,96664.363,2247753.341,P,12mm iron peg in concrete,2/10/2025
2387A,96644.928,2247759.528,P,12mm iron peg in concrete,2/10/2025
2387B,96630.93,2247767.278,P,12mm iron peg in concrete,2/10/2025
2387C,96629.368,2247772.715,P,12mm iron peg in concrete,2/10/2025
2388A,96652.227,2247772.712,P,12mm iron peg in concrete,2/10/2025
2388B,96634.73,2247782.4,P,12mm iron peg in concrete,2/10/2025
2389A,96659.021,2247784.984,P,12mm iron peg in concrete,2/10/2025
2389B,96641.524,2247794.671,P,12mm iron peg in concrete,2/10/2025
2390A,96665.815,2247797.255,P,12mm iron peg in concrete,2/10/2025
2390B,96648.318,2247806.942,P,12mm iron peg in concrete,2/10/2025
2391A,96675.979,2247808.361,P,12mm iron peg in concrete,2/10/2025
2391B,96655.615,2247820.122,P,12mm iron peg in concrete,2/10/2025
2392A,96682.021,2247820.906,P,12mm iron peg in concrete,2/10/2025
2392B,96661.917,2247831.999,P,12mm iron peg in concrete,2/10/2025
2393A,96687.946,2247832.21,P,12mm iron peg in concrete,2/10/2025
2393B,96668.26,2247843.294,P,12mm iron peg in concrete,2/10/2025
2394A,96694.643,2247845.119,P,12mm iron peg in concrete,2/10/2025
2394B,96675.767,2247855.52,P,12mm iron peg in concrete,2/10/2025
2395A,96701.175,2247856.539,P,12mm iron peg in concrete,2/10/2025
2395B,96682.415,2247867.304,P,12mm iron peg in concrete,2/10/2025
2396A,96707.177,2247867.031,P,12mm iron peg in concrete,2/10/2025
2396B,96687.975,2247879.459,P,12mm iron peg in concrete,2/10/2025
2397A,96713.895,2247878.777,P,12mm iron peg in concrete,2/10/2025
2397B,96693.92,2247890.566,P,12mm iron peg in concrete,2/10/2025
2397C,96701.363,2247902.752,P,12mm iron peg in concrete,2/10/2025
2397D,96707.435,2247905.616,P,12mm iron peg in concrete,2/10/2025
2398A,96704.594,2247724.952,P,12mm iron peg in concrete,2/10/2025
2398B,96676.628,2247741.263,P,12mm iron peg in concrete,2/10/2025
2398C,96675.098,2247746.766,P,12mm iron peg in concrete,2/10/2025
2399A,96710.68,2247735.397,P,12mm iron peg in concrete,2/10/2025
2399B,96679.018,2247753.845,P,12mm iron peg in concrete,2/10/2025
2400A,96717.235,2247746.648,P,12mm iron peg in concrete,2/10/2025
2400B,96685.326,2247765.24,P,12mm iron peg in concrete,2/10/2025
2401A,96723.464,2247757.34,P,12mm iron peg in concrete,2/10/2025
2401B,96691.321,2247776.068,P,12mm iron peg in concrete,2/10/2025
2402A,96730.988,2247770.252,P,12mm iron peg in concrete,2/10/2025
2402B,96697.608,2247789.7,P,12mm iron peg in concrete,2/10/2025
2403A,96737.416,2247781.285,P,12mm iron peg in concrete,2/10/2025
2403B,96703.385,2247801.113,P,12mm iron peg in concrete,2/10/2025
2404A,96743.845,2247792.32,P,12mm iron peg in concrete,2/10/2025
2404B,96709.442,2247812.365,P,12mm iron peg in concrete,2/10/2025
2405A,96750.631,2247803.966,P,12mm iron peg in concrete,2/10/2025
2405B,96715.509,2247824.581,P,12mm iron peg in concrete,2/10/2025
2406A,96757.831,2247816.324,P,12mm iron peg in concrete,2/10/2025
2406B,96722.945,2247836.632,P,12mm iron peg in concrete,2/10/2025
2407A,96764.206,2247827.265,P,12mm iron peg in concrete,2/10/2025
2407B,96729.081,2247847.731,P,12mm iron peg in concrete,2/10/2025
2407C,96732.87,2247854.618,P,12mm iron peg in concrete,2/10/2025
2408A,96768.193,2247834.108,P,12mm iron peg in concrete,2/10/2025
2408B,96740.114,2247858.875,P,12mm iron peg in concrete,2/10/2025
2409A,96772.297,2247841.153,P,12mm iron peg in concrete,2/10/2025
2409B,96759.272,2247858.824,P,12mm iron peg in concrete,2/10/2025
2409C,96780.347,2247858.767,P,12mm iron peg in concrete,2/10/2025
2410A,96801.822,2247842.033,P,12mm iron peg in concrete,2/10/2025
2410B,96780.337,2247854.952,P,12mm iron peg in concrete,2/10/2025
2411A,96820.495,2247830.622,P,12mm iron peg in concrete,2/10/2025
2411C,96801.866,2247858.709,P,12mm iron peg in concrete,2/10/2025
2412C,96826.153,2247858.644,P,12mm iron peg in concrete,2/10/2025
2412D,96840.09,2247858.088,P,12mm iron peg in concrete,2/10/2025
2413A,96860.267,2247833.954,P,12mm iron peg in concrete,2/10/2025
2413B,96847.789,2247833.22,P,12mm iron peg in concrete,2/10/2025
2413C,96838.891,2247828.038,P,12mm iron peg in concrete,2/10/2025
2414A,96873.304,2247832.55,P,12mm iron peg in concrete,2/10/2025
2414C,96861.952,2247857.115,P,12mm iron peg in concrete,2/10/2025
2414D,96881.997,2247855.091,P,12mm iron peg in concrete,2/10/2025
2415A,96889.422,2247823.481,P,12mm iron peg in concrete,2/10/2025
2415B,96874.754,2247831.972,P,12mm iron peg in concrete,2/10/2025
2415C,96883.447,2247854.513,P,12mm iron peg in concrete,2/10/2025
2415D,96892.057,2247852.306,P,12mm iron peg in concrete,2/10/2025
2416A,96906.419,2247813.641,P,12mm iron peg in concrete,2/10/2025
2416C,96902.719,2247846.451,P,12mm iron peg in concrete,2/10/2025
2417A,96926.097,2247802.128,P,12mm iron peg in concrete,2/10/2025
2417C,96919.482,2247835.677,P,12mm iron peg in concrete,2/10/2025
2417D,96938.9,2247826.063,P,12mm iron peg in concrete,2/10/2025
2418A,96968.479,2247805.331,P,12mm iron peg in concrete,2/10/2025
2418B,96957.638,2247809.944,P,12mm iron peg in concrete,2/10/2025
2418C,96937.92,2247821.715,P,12mm iron peg in concrete,2/10/2025
2419A,96980.812,2247796.892,P,12mm iron peg in concrete,2/10/2025
2419C,96971.318,2247824.358,P,12mm iron peg in concrete,3/10/2025
2420A,97008.532,2247799.106,P,12mm iron peg in concrete,3/10/2025
2420B,96989.5,2247807.957,P,12mm iron peg in concrete,3/10/2025
2420C,96992.944,2247823.703,P,12mm iron peg in concrete,3/10/2025
2420D,97017.71,2247822.114,P,12mm iron peg in concrete,3/10/2025
2420E,97019.155,2247816.831,P,12mm iron peg in concrete,3/10/2025
2421A,96999.517,2247784.091,P,12mm iron peg in concrete,3/10/2025
2422A,96982.968,2247767.741,P,12mm iron peg in concrete,3/10/2025
2422E,96990.281,2247769.585,P,12mm iron peg in concrete,3/10/2025
2423A,96965.899,2247777.899,P,12mm iron peg in concrete,3/10/2025
2424A,96945.898,2247790.1,P,12mm iron peg in concrete,3/10/2025
2425A,96852.925,2247811.304,P,12mm iron peg in concrete,3/10/2025
2425B,96835.936,2247821.869,P,12mm iron peg in concrete,3/10/2025
2426A,96871.458,2247800.16,P,12mm iron peg in concrete,3/10/2025
2426C,96870.459,2247828.136,P,12mm iron peg in concrete,3/10/2025
2427A,96889.002,2247789.326,P,12mm iron peg in concrete,3/10/2025
2427C,96883.91,2247820.688,P,12mm iron peg in concrete,3/10/2025
2428A,96910.623,2247775.973,P,12mm iron peg in concrete,3/10/2025
2428C,96903.405,2247809.142,P,12mm iron peg in concrete,3/10/2025
2429A,96931.071,2247763.484,P,12mm iron peg in concrete,3/10/2025
2429C,96923.169,2247797.264,P,12mm iron peg in concrete,3/10/2025
2430A,96948.336,2247753.061,P,12mm iron peg in concrete,3/10/2025
2430C,96942.752,2247785.562,P,12mm iron peg in concrete,3/10/2025
2431A,96968.716,2247740.657,P,12mm iron peg in concrete,3/10/2025
2431C,96962.21,2247773.768,P,12mm iron peg in concrete,3/10/2025
2432A,96982.615,2247732.507,P,12mm iron peg in concrete,3/10/2025
2432C,96981.905,2247761.606,P,12mm iron peg in concrete,3/10/2025
2432D,96991.695,2247755.56,P,12mm iron peg in concrete,3/10/2025
2432E,96993.051,2247750.022,P,12mm iron peg in concrete,3/10/2025
2433A,96906.043,2247605.72,P,12mm iron peg in concrete,3/10/2025
2433B,96903.357,2247604.77,P,12mm iron peg in concrete,3/10/2025
2434A,96873.406,2247553.964,P,12mm iron peg in concrete,3/10/2025
2434E,96878.879,2247555.392,P,12mm iron peg in concrete,3/10/2025
2435A,96860.816,2247561.344,P,12mm iron peg in concrete,3/10/2025
2436A,96844.752,2247570.759,P,12mm iron peg in concrete,3/10/2025
2437A,96829.887,2247579.472,P,12mm iron peg in concrete,3/10/2025
2438A,96813.382,2247589.147,P,12mm iron peg in concrete,3/10/2025
2439A,96797.626,2247598.383,P,12mm iron peg in concrete,3/10/2025
2440A,96782.442,2247607.282,P,12mm iron peg in concrete,3/10/2025
2441A,96766.728,2247616.493,P,12mm iron peg in concrete,3/10/2025
2442A,96751.143,2247625.628,P,12mm iron peg in concrete,3/10/2025
2443A,96734.728,2247635.25,P,12mm iron peg in concrete,3/10/2025
2444A,96719.701,2247644.058,P,12mm iron peg in concrete,3/10/2025
2445A,96705.051,2247652.645,P,12mm iron peg in concrete,3/10/2025
2446A,96691.247,2247660.736,P,12mm iron peg in concrete,3/10/2025
2447A,96677.444,2247668.827,P,12mm iron peg in concrete,3/10/2025
2448A,96663.64,2247676.918,P,12mm iron peg in concrete,3/10/2025
2449A,96649.837,2247685.009,P,12mm iron peg in concrete,3/10/2025
2450A,96636.033,2247693.1,P,12mm iron peg in concrete,3/10/2025
2451A,96622.23,2247701.191,P,12mm iron peg in concrete,3/10/2025
2452A,96608.426,2247709.282,P,12mm iron peg in concrete,3/10/2025
2453A,96594.623,2247717.373,P,12mm iron peg in concrete,3/10/2025
2453B,96584.477,2247723.319,P,12mm iron peg in concrete,3/10/2025
2453C,96583.049,2247728.793,P,12mm iron peg in concrete,3/10/2025
2454A,96607.265,2247738.941,P,12mm iron peg in concrete,3/10/2025
2454B,96593.669,2247746.91,P,12mm iron peg in concrete,3/10/2025
2454C,96605.601,2247767.267,P,12mm iron peg in concrete,3/10/2025
2454D,96611.074,2247768.695,P,12mm iron peg in concrete,3/10/2025
2455A,96621.069,2247730.85,P,12mm iron peg in concrete,3/10/2025
2455C,96621.22,2247762.749,P,12mm iron peg in concrete,3/10/2025
2456A,96634.872,2247722.759,P,12mm iron peg in concrete,3/10/2025
2456C,96635.024,2247754.658,P,12mm iron peg in concrete,3/10/2025
2457A,96648.676,2247714.668,P,12mm iron peg in concrete,3/10/2025
2457C,96648.827,2247746.567,P,12mm iron peg in concrete,3/10/2025
2458A,96662.479,2247706.577,P,12mm iron peg in concrete,3/10/2025
2458C,96662.631,2247738.476,P,12mm iron peg in concrete,3/10/2025
2459A,96676.283,2247698.486,P,12mm iron peg in concrete,3/10/2025
2459C,96676.434,2247730.385,P,12mm iron peg in concrete,3/10/2025
2460A,96690.086,2247690.395,P,12mm iron peg in concrete,4/10/2025
2460C,96690.238,2247722.294,P,12mm iron peg in concrete,4/10/2025
2461A,96703.89,2247682.304,P,12mm iron peg in concrete,4/10/2025
2461C,96704.041,2247714.203,P,12mm iron peg in concrete,4/10/2025
2462A,96717.693,2247674.213,P,12mm iron peg in concrete,4/10/2025
2462C,96717.845,2247706.112,P,12mm iron peg in concrete,4/10/2025
2463A,96732.343,2247665.626,P,12mm iron peg in concrete,4/10/2025
2463C,96731.648,2247698.021,P,12mm iron peg in concrete,4/10/2025
2464A,96747.37,2247656.818,P,12mm iron peg in concrete,4/10/2025
2464C,96746.298,2247689.434,P,12mm iron peg in concrete,4/10/2025
2465A,96763.785,2247647.196,P,12mm iron peg in concrete,4/10/2025
2465C,96761.169,2247680.36,P,12mm iron peg in concrete,4/10/2025
2466A,96779.37,2247638.061,P,12mm iron peg in concrete,4/10/2025
2466C,96777.457,2247670.521,P,12mm iron peg in concrete,4/10/2025
2467A,96795.084,2247628.85,P,12mm iron peg in concrete,4/10/2025
2467C,96792.902,2247661.147,P,12mm iron peg in concrete,4/10/2025
2468A,96810.268,2247619.951,P,12mm iron peg in concrete,4/10/2025
2468C,96808.442,2247651.639,P,12mm iron peg in concrete,4/10/2025
2469A,96826.024,2247610.715,P,12mm iron peg in concrete,4/10/2025
2470A,96842.529,2247601.04,P,12mm iron peg in concrete,4/10/2025
2471A,96857.394,2247592.327,P,12mm iron peg in concrete,4/10/2025
2471C,96855.586,2247623.316,P,12mm iron peg in concrete,4/10/2025
2472A,96873.458,2247582.912,P,12mm iron peg in concrete,4/10/2025
2473A,96889.499,2247573.509,P,12mm iron peg in concrete,4/10/2025
2473C,96886.223,2247604.69,P,12mm iron peg in concrete,4/10/2025
2474A,96858.146,2247520.021,P,12mm iron peg in concrete,4/10/2025
2474C,96854.424,2247555.817,P,12mm iron peg in concrete,4/10/2025
2474D,96869.36,2247547.062,P,12mm iron peg in concrete,4/10/2025
2474E,96870.788,2247541.589,P,12mm iron peg in concrete,4/10/2025
2475A,96839.759,2247530.798,P,12mm iron peg in concrete,4/10/2025
2475C,96838.895,2247564.919,P,12mm iron peg in concrete,4/10/2025
2476A,96824.23,2247539.901,P,12mm iron peg in concrete,4/10/2025
2476C,96823.366,2247574.022,P,12mm iron peg in concrete,4/10/2025
2477A,96808.701,2247549.003,P,12mm iron peg in concrete,4/10/2025
2477C,96807.837,2247583.124,P,12mm iron peg in concrete,4/10/2025
2478A,96793.172,2247558.105,P,12mm iron peg in concrete,4/10/2025
2478C,96792.308,2247592.226,P,12mm iron peg in concrete,4/10/2025
2479A,96777.643,2247567.207,P,12mm iron peg in concrete,4/10/2025
2479C,96776.779,2247601.329,P,12mm iron peg in concrete,4/10/2025
2480A,96762.115,2247576.31,P,12mm iron peg in concrete,4/10/2025
2480C,96761.25,2247610.431,P,12mm iron peg in concrete,4/10/2025
2481A,96746.586,2247585.412,P,12mm iron peg in concrete,4/10/2025
2481C,96745.721,2247619.533,P,12mm iron peg in concrete,4/10/2025
2482A,96731.057,2247594.514,P,12mm iron peg in concrete,4/10/2025
2482C,96730.192,2247628.635,P,12mm iron peg in concrete,4/10/2025
2483A,96715.528,2247603.617,P,12mm iron peg in concrete,4/10/2025
2483C,96714.664,2247637.738,P,12mm iron peg in concrete,4/10/2025
2484A,96699.999,2247612.719,P,12mm iron peg in concrete,4/10/2025
2484C,96700.86,2247645.829,P,12mm iron peg in concrete,4/10/2025
2485A,96686.195,2247620.81,P,12mm iron peg in concrete,4/10/2025
2485C,96687.057,2247653.92,P,12mm iron peg in concrete,4/10/2025
2486A,96672.392,2247628.901,P,12mm iron peg in concrete,4/10/2025
2486C,96673.253,2247662.011,P,12mm iron peg in concrete,4/10/2025
2487A,96658.588,2247636.992,P,12mm iron peg in concrete,4/10/2025
2487C,96659.45,2247670.101,P,12mm iron peg in concrete,4/10/2025
2488A,96644.785,2247645.083,P,12mm iron peg in concrete,4/10/2025
2488C,96645.646,2247678.192,P,12mm iron peg in concrete,4/10/2025
2489A,96630.981,2247653.174,P,12mm iron peg in concrete,4/10/2025
2489C,96631.842,2247686.283,P,12mm iron peg in concrete,4/10/2025
2490A,96617.178,2247661.265,P,12mm iron peg in concrete,4/10/2025
2490C,96618.039,2247694.374,P,12mm iron peg in concrete,4/10/2025
2491A,96603.374,2247669.355,P,12mm iron peg in concrete,4/10/2025
2491C,96604.235,2247702.465,P,12mm iron peg in concrete,4/10/2025
2492A,96589.571,2247677.446,P,12mm iron peg in concrete,4/10/2025
2492C,96590.432,2247710.556,P,12mm iron peg in concrete,4/10/2025
2493A,96575.767,2247685.537,P,12mm iron peg in concrete,4/10/2025
2493C,96576.628,2247718.647,P,12mm iron peg in concrete,4/10/2025
2494A,96561.964,2247693.628,P,12mm iron peg in concrete,4/10/2025
2494C,96570.079,2247722.486,P,12mm iron peg in concrete,4/10/2025
2495A,96534.145,2247709.934,P,12mm iron peg in concrete,4/10/2025
2495B,96554.719,2247745.033,P,12mm iron peg in concrete,4/10/2025
2496A,96575.988,2247732.566,P,12mm iron peg in concrete,4/10/2025
2497A,96584.094,2247746.396,P,12mm iron peg in concrete,4/10/2025
2497B,96562.825,2247758.863,P,12mm iron peg in concrete,4/10/2025
2498A,96592.2,2247760.226,P,12mm iron peg in concrete,4/10/2025
2498B,96570.931,2247772.693,P,12mm iron peg in concrete,4/10/2025
2498C,96579.453,2247787.23,P,12mm iron peg in concrete,4/10/2025
2498D,96597.271,2247776.786,P,12mm iron peg in concrete,4/10/2025
2498E,96598.699,2247771.313,P,12mm iron peg in concrete,4/10/2025
2500A,96617.824,2247776.638,P,12mm iron peg in concrete,4/10/2025
2500E,96623.261,2247778.2,P,12mm iron peg in concrete,4/10/2025
2501A,96629.172,2247788.878,P,12mm iron peg in concrete,4/10/2025
2502A,96634.985,2247799.376,P,12mm iron peg in concrete,4/10/2025
2503A,96640.797,2247809.874,P,12mm iron peg in concrete,4/10/2025
2504A,96646.61,2247820.373,P,12mm iron peg in concrete,4/10/2025
2505A,96652.422,2247830.871,P,12mm iron peg in concrete,4/10/2025
2506A,96658.234,2247841.37,P,12mm iron peg in concrete,4/10/2025
2507A,96664.047,2247851.868,P,12mm iron peg in concrete,4/10/2025
2508A,96669.859,2247862.366,P,12mm iron peg in concrete,4/10/2025
2508C,96659.23,2247884.46,P,12mm iron peg in concrete,4/10/2025
2508D,96673.228,2247876.71,P,12mm iron peg in concrete,4/10/2025
2508E,96674.79,2247871.273,P,12mm iron peg in concrete,4/10/2025
2509A,96652.362,2247872.054,P,12mm iron peg in concrete,4/10/2025
2509B,96634.865,2247881.741,P,12mm iron peg in concrete,4/10/2025
2509C,96639.796,2247890.648,P,12mm iron peg in concrete,4/10/2025
2509D,96645.233,2247892.21,P,12mm iron peg in concrete,4/10/2025
2510A,96646.55,2247861.555,P,12mm iron peg in concrete,4/10/2025
2510B,96629.052,2247871.243,P,12mm iron peg in concrete,4/10/2025
2511A,96640.737,2247851.057,P,12mm iron peg in concrete,4/10/2025
2511B,96623.24,2247860.744,P,12mm iron peg in concrete,4/10/2025
2512A,96634.925,2247840.559,P,12mm iron peg in concrete,4/10/2025
2512B,96617.427,2247850.246,P,12mm iron peg in concrete,4/10/2025
2513A,96629.112,2247830.06,P,12mm iron peg in concrete,4/10/2025
2513B,96611.615,2247839.747,P,12mm iron peg in concrete,4/10/2025
2514A,96623.3,2247819.562,P,12mm iron peg in concrete,4/10/2025
2514B,96605.803,2247829.249,P,12mm iron peg in concrete,4/10/2025
2515A,96617.487,2247809.063,P,12mm iron peg in concrete,4/10/2025
2515B,96599.99,2247818.751,P,12mm iron peg in concrete,4/10/2025
2516A,96611.675,2247798.565,P,12mm iron peg in concrete,4/10/2025
2516B,96594.178,2247808.252,P,12mm iron peg in concrete,4/10/2025
2517A,96603.826,2247784.388,P,12mm iron peg in concrete,4/10/2025
2517B,96589.828,2247792.138,P,12mm iron peg in concrete,4/10/2025
2517C,96588.266,2247797.575,P,12mm iron peg in concrete,4/10/2025
2518A,96575.83,2247799.888,P,12mm iron peg in concrete,4/10/2025
2518E,96581.267,2247801.45,P,12mm iron peg in concrete,4/10/2025
2519A,96587.179,2247812.127,P,12mm iron peg in concrete,4/10/2025
2519B,96569.682,2247821.815,P,12mm iron peg in concrete,4/10/2025
2520A,96592.991,2247822.626,P,12mm iron peg in concrete,4/10/2025
2520B,96575.494,2247832.313,P,12mm iron peg in concrete,4/10/2025
2521A,96598.804,2247833.124,P,12mm iron peg in concrete,4/10/2025
2521B,96581.306,2247842.811,P,12mm iron peg in concrete,4/10/2025
2522A,96604.616,2247843.622,P,12mm iron peg in concrete,4/10/2025
2522B,96587.119,2247853.31,P,12mm iron peg in concrete,4/10/2025
2523A,96610.428,2247854.121,P,12mm iron peg in concrete,4/10/2025
2523B,96592.931,2247863.808,P,12mm iron peg in concrete,4/10/2025
2523C,96598.744,2247874.307,P,12mm iron peg in concrete,4/10/2025
2523D,96616.241,2247864.619,P,12mm iron peg in concrete,4/10/2025
2524B,96835.936,2247821.869,P,12mm iron peg in concrete,4/10/2025
2524B,96835.936,2247821.869,P,12mm iron peg in concrete,4/10/2025
2829A,96897.819,2247587.704,P,12mm iron peg in concrete,4/10/2025
2829B,96883.714,2247596.318,P,12mm iron peg in concrete,4/10/2025
2829C,96887.802,2247604.017,P,12mm iron peg in concrete,4/10/2025
2829D,96900.331,2247596.138,P,12mm iron peg in concrete,4/10/2025
2829E,96900.078,2247591.601,P,12mm iron peg in concrete,4/10/2025
2830A,96880.966,2247597.926,P,12mm iron peg in concrete,4/10/2025
2830C,96870.302,2247614.348,P,12mm iron peg in concrete,4/10/2025
2830D,96884.661,2247605.613,P,12mm iron peg in concrete,4/10/2025
2831A,96866.148,2247606.876,P,12mm iron peg in concrete,4/10/2025
2831B,96852.46,2247615.641,P,12mm iron peg in concrete,4/10/2025
2831C,96857.128,2247622.26,P,12mm iron peg in concrete,4/10/2025
2832A,96849.699,2247617.145,P,12mm iron peg in concrete,4/10/2025
2832B,96835.335,2247625.965,P,12mm iron peg in concrete,4/10/2025
2832C,96839.317,2247633.393,P,12mm iron peg in concrete,4/10/2025
2832D,96853.794,2247624.198,P,12mm iron peg in concrete,4/10/2025
2833A,96833.986,2247626.76,P,12mm iron peg in concrete,4/10/2025
2833B,96819.767,2247635.369,P,12mm iron peg in concrete,4/10/2025
2833C,96823.553,2247642.616,P,12mm iron peg in concrete,4/10/2025
2833D,96838.166,2247634.148,P,12mm iron peg in concrete,4/10/2025
2835A,96561.832,2247807.638,P,12mm iron peg in concrete,4/10/2025
2835B,96534.146,2247822.947,P,12mm iron peg in concrete,4/10/2025
2835C,96533.537,2247827.686,P,12mm iron peg in concrete,4/10/2025
2835D,96623.096,2247915.604,P,12mm iron peg in concrete,4/10/2025
2835E,96623.467,2247954.685,P,12mm iron peg in concrete,4/10/2025
2835G,96731.901,2247974.427,P,12mm iron peg in concrete,4/10/2025
2835H,96682.528,2247885.283,P,12mm iron peg in concrete,4/10/2025
2835J,96677.12,2247883.7,P,12mm iron peg in concrete,4/10/2025
2835K,96638.609,2247905.021,P,12mm iron peg in concrete,4/10/2025
2836A,96855.572,2247515.628,P,12mm iron peg in concrete,4/10/2025
2836B,96457.386,2247752.932,P,12mm iron peg in concrete,4/10/2025
2836C,96522.045,2247816.405,P,12mm iron peg in concrete,4/10/2025
2836D,96528.35,2247817.184,P,12mm iron peg in concrete,4/10/2025
